word	F
,	4400
.	2461
de	2451
la	1762
et	1502
l'	1348
à	1137
les	958
le	895
que	816
d'	789
qui	734
nous	709
des	695
en	691
est	671
pour	650
une	446
dans	419
notre	407
France	392
vous	390
un	374
du	366
plus	361
qu'	344
a	293
ce	274
je	273
année	258
au	253
ne	241
s'	240
nos	238
pas	238
il	229
Je	200
elle	198
tous	182
avec	181
sont	177
se	175
c'	172
n'	171
aux	167
sur	164
pays	153
par	150
y	149
!	148
Français	147
être	145
tout	144
ceux	143
Europe	141
cette	140
monde	139
C'	135
La	135
ou	130
leur	129
ont	128
bien	126
son	122
avons	119
aussi	117
Mais	115
:	113
entre	113
comme	111
faire	111
Nous	110
sans	110
ses	104
Il	102
on	100
si	100
sa	98
sera	98
où	95
Et	94
ai	88
fait	88
chacun	87
j'	87
L'	86
vie	86
été	84
même	83
République	82
voeux	82
mais	81
soit	80
avenir	79
dont	79
paix	79
mes	77
Mes	76
votre	76
doit	75
autres	74
Vive	74
Le	72
souhaite	70
faut	69
ils	66
politique	64
sommes	64
Ce	63
leurs	63
compatriotes	62
encore	62
toutes	62
ces	61
temps	61
-	60
emploi	60
En	60
confiance	59
Elle	58
bonne	56
chers	55
travail	55
;	53
ans	53
dire	53
économique	53
ensemble	53
J'	53
parce	53
soir	53
depuis	52
vers	52
A	51
Les	51
mieux	51
progrès	51
crise	50
nouvelle	50
mois	48
peut	48
vos	48
fois	47
jamais	46
là	46
lui	46
peuples	46
Pour	46
action	45
Etat	45
liberté	45
peuple	45
tant	45
?	44
Françaises	43
ni	43
société	42
beaucoup	41
solidarité	41
deux	40
économie	40
effort	40
jour	40
abord	39
Chers	39
Compatriotes	39
hommes	39
veux	39
difficultés	38
française	38
quand	38
autre	37
besoin	37
chaque	37
jeunes	37
chômage	36
droit	36
suis	36
toute	36
contre	35
croissance	35
enfants	35
enfin	35
grâce	35
grand	35
nationale	35
nom	35
part	35
sécurité	35
Une	35
vivre	35
cela	34
celle	34
celui	34
eux	34
m'	34
moins	34
activité	33
mon	33
moyens	33
nation	33
pense	33
soient	33
trop	33
Au	32
peu	32
place	32
rien	32
sociale	32
toujours	32
va	32
chacune	31
devons	31
donc	31
famille	31
sens	31
aujourd'hui	30
esprit	30
Gouvernement	30
grandes	30
me	30
pouvoir	30
sais	30
très	30
unité	30
davantage	29
forces	29
gouvernement	29
histoire	29
justice	29
nouveau	29
service	29
social	29
car	28
chez	28
développement	28
entreprises	28
guerre	28
-même	28
pourquoi	28
problèmes	28
seront	28
ainsi	27
avez	27
grande	27
ma	27
moment	27
valeurs	27
volonté	27
aura	26
bonheur	26
celles	26
Dans	26
donner	26
face	26
heureuse	26
possible	26
premier	26
responsabilité	26
an	25
Bonne	25
chance	25
déjà	25
étranger	25
intérêt	25
notamment	25
Notre	25
«	24
»	24
allons	24
dès	24
fin	24
maintenant	24
mesure	24
ordre	24
première	24
réformes	24
respect	24
agir	23
années	23
après	23
bon	23
De	23
emplois	23
familles	23
moi	23
nouvelles	23
situation	23
adresse	22
ambition	22
cet	22
courage	22
défense	22
devoir	22
dialogue	22
espoir	22
était	22
européenne	22
français	22
fraternité	22
puissance	22
recherche	22
siècle	22
sous	22
voudrais	22
Vous	22
Algérie	21
chances	21
coeur	21
également	21
fond	21
indépendance	21
-mêmes	21
non	21
rôle	21
Un	21
autant	20
avoir	20
choix	20
compte	20
continent	20
efforts	20
elles	20
équilibre	20
force	20
longtemps	20
prendre	20
prix	20
publics	20
quelques	20
voie	20
Ces	19
difficile	19
doivent	19
font	19
forte	19
mesures	19
nécessaire	19
parfois	19
partout	19
pouvons	19
puis	19
Que	19
responsabilités	19
soldats	19
sûr	19
Tout	19
veut	19
vont	19
vu	19
%	18
aider	18
autour	18
avant	18
Car	18
condition	18
démocratie	18
doute	18
Etats	18
forme	18
Nos	18
parmi	18
partenaires	18
particulier	18
pensée	18
pris	18
réforme	18
reste	18
Si	18
ait	17
avancer	17
Avec	17
Cette	17
cohésion	17
conditions	17
droits	17
énergie	17
formation	17
grands	17
heureux	17
intérêts	17
juste	17
libertés	17
loin	17
métropole	17
millions	17
moderne	17
œuvre	17
On	17
personnes	17
professionnelle	17
sait	17
santé	17
seuls	17
surtout	17
système	17
victimes	17
voulu	17
vrai	17
achat	16
afin	16
An	16
assurer	16
choses	16
cœur	16
communauté	16
cours	16
dernier	16
dignité	16
dit	16
Elles	16
espérance	16
femmes	16
Ils	16
marche	16
Nation	16
nôtre	16
nouveaux	16
personne	16
point	16
prochain	16
prospérité	16
protection	16
rendre	16
serait	16
sociaux	16
succès	16
travailleurs	16
Union	16
vient	16
voulons	16
achève	15
Afrique	15
agit	15
Amérique	15
capable	15
cas	15
Cela	15
construire	15
créer	15
D'	15
Enfin	15
Est	15
exemple	15
façon	15
faisons	15
jusqu'	15
loi	15
mêmes	15
mettre	15
monnaie	15
national	15
poursuivre	15
pu	15
quatre	15
réussir	15
solitude	15
trois	15
-vous	15
certains	14
Communauté	14
continuer	14
coopération	14
crois	14
demain	14
dépend	14
destin	14
dis	14
éducation	14
égalité	14
entreprise	14
épreuves	14
institutions	14
janvier	14
lutte	14
meilleur	14
meilleurs	14
mondiale	14
niveau	14
passé	14
plan	14
rang	14
seul	14
terre	14
travailler	14
violence	14
aide	13
ailleurs	13
Allemagne	13
amis	13
avance	13
chemin	13
-ci	13
commun	13
contraire	13
deuxième	13
devant	13
domaines	13
école	13
environnement	13
êtes	13
extérieur	13
fut	13
ici	13
industrie	13
initiatives	13
jeunesse	13
joie	13
libre	13
logement	13
longue	13
nombre	13
objectif	13
occasion	13
peine	13
période	13
raison	13
salariés	13
souffrent	13
souvent	13
vivent	13
vivons	13
Voilà	13
alors	12
avait	12
capacité	12
cent	12
culture	12
Depuis	12
désormais	12
difficiles	12
épreuve	12
essentiel	12
euro	12
général	12
humaine	12
-il	12
inflation	12
intérieur	12
lors	12
malades	12
maladie	12
Nouvel	12
organisation	12
outre-mer	12
peuvent	12
pouvoirs	12
préserver	12
prises	12
quel	12
question	12
raisons	12
responsables	12
résultats	12
seulement	12
simplement	12
soi	12
sorte	12
voilà	12
000	11
âgées	11
agriculture	11
appelle	11
attendent	11
auquel	11
catégories	11
cause	11
changement	11
cher	11
combat	11
commence	11
construction	11
coup	11
début	11
décembre	11
défendre	11
demandé	11
dépenses	11
donne	11
effet	11
Eh	11
étape	11
Etats-Unis	11
expansion	11
exprimer	11
fort	11
forts	11
heure	11
homme	11
internationale	11
main	11
malgré	11
Mon	11
nécessaires	11
nier	11
partie	11
penser	11
Premier	11
présent	11
projet	11
protéger	11
rendez	11
sentiment	11
six	11
sociales	11
soutien	11
stabilité	11
terme	11
tolérance	11
unie	11
unis	11
utile	11
viennent	11
voit	11
Ainsi	10
aucun	10
autorité	10
bientôt	10
certaines	10
Chacun	10
changer	10
circonstances	10
comment	10
drame	10
économiques	10
égard	10
élan	10
enjeu	10
est-à-dire	10
État	10
événements	10
exigence	10
ferons	10
fête	10
fiers	10
gagne	10
maintenir	10
mal	10
marchés	10
mille	10
mission	10
nombreux	10
ouvre	10
ouvrir	10
Parce	10
parler	10
particuliers	10
pauvres	10
pendant	10
Personne	10
pire	10
plusieurs	10
pourtant	10
produire	10
qualité	10
quelles	10
rester	10
riches	10
sort	10
su	10
tenir	10
vérité	10
vingt	10
vive	10
voeu	10
vue	10
adresser	9
atouts	9
avaient	9
avais	9
causes	9
Certes	9
charges	9
comprendre	9
concours	9
conduire	9
connu	9
débats	9
décisions	9
demande	9
dépit	9
Des	9
développer	9
devra	9
dynamisme	9
engagés	9
entend	9
époque	9
évidemment	9
évolution	9
exclusion	9
fera	9
fruits	9
heures	9
injustice	9
jours	9
lois	9
malheur	9
mis	9
misère	9
mondialisation	9
montré	9
naguère	9
nouvel	9
Par	9
Paris	9
parle	9
passe	9
perdu	9
politiques	9
porter	9
près	9
produit	9
propre	9
propres	9
puissances	9
quelle	9
quoi	9
réalité	9
régions	9
réponse	9
reprise	9
ressources	9
retraites	9
retrouver	9
risques	9
route	9
sagesse	9
sérénité	9
services	9
sortir	9
soviétique	9
sujet	9
telle	9
tenu	9
total	9
train	9
troisième	9
trouver	9
union	9
Urgence	9
vaut	9
vite	9
1976	8
31	8
acquis	8
aller	8
Alors	8
apporte	8
assez	8
attendre	8
autrement	8
baisse	8
Beaucoup	8
biens	8
but	8
chaleureux	8
charge	8
choisi	8
citoyens	8
collectif	8
commune	8
compris	8
concurrence	8
conscience	8
conséquences	8
contribuer	8
convictions	8
crédit	8
crises	8
croire	8
dernières	8
devenir	8
doter	8
douze	8
élections	8
-elle	8
énergies	8
enseignement	8
étaient	8
européens	8
faite	8
faveur	8
financière	8
frontières	8
garantir	8
gens	8
impôts	8
indispensables	8
initiative	8
investissement	8
laquelle	8
largement	8
lieu	8
mai	8
message	8
mise	8
mobilisation	8
mobiliser	8
modernisation	8
monétaire	8
mot	8
Ne	8
obstacles	8
oeuvre	8
Oui	8
Outre-mer	8
ouvert	8
patrie	8
pauvreté	8
peines	8
Pendant	8
permettra	8
permis	8
Peur	8
peut-être	8
planète	8
Pourtant	8
preuve	8
principes	8
priorité	8
projets	8
promis	8
public	8
publiques	8
puisse	8
Qu'	8
Quant	8
quotidienne	8
rapports	8
reculer	8
redressement	8
réduire	8
régime	8
renforcer	8
renouveau	8
répondre	8
retour	8
savons	8
scientifique	8
seule	8
soirée	8
solidaires	8
soyons	8
Sur	8
tandis	8
technique	8
valeur	8
venu	8
1974	7
1977	7
2000	7
actuellement	7
adaptation	7
adapter	7
affaire	7
appartient	7
armée	7
Asie	7
aucune	7
auront	7
ayons	7
bas	7
base	7
Bien	7
bout	7
capables	7
cessé	7
changements	7
chefs	7
cinq	7
collective	7
commerce	7
compter	7
conduit	7
conflits	7
Conscience	7
Constitution	7
conviction	7
création	7
croyez	7
débat	7
décidé	7
démocratique	7
démunis	7
désarmement	7
détente	7
devoirs	7
dimension	7
dix	7
durement	7
échanges	7
élection	7
engagement	7
entier	7
espace	7
espérer	7
espoirs	7
étant	7
existence	7
exprime	7
fais	7
fêter	7
fraternelle	7
G	7
gagner	7
Grâce	7
grandeur	7
grave	7
hausse	7
hommage	7
honneur	7
idées	7
identité	7
importante	7
inégalités	7
inventer	7
lequel	7
long	7
majorité	7
manière	7
menace	7
Métropole	7
milieu	7
ministre	7
naître	7
nations	7
Nations	7
origine	7
Ouest	7
Parlement	7
participation	7
particulière	7
particulièrement	7
péril	7
permet	7
permettre	7
pétrole	7
plein	7
pleine	7
Plus	7
premiers	7
prise	7
Progrès	7
progresser	7
publique	7
Quand	7
rayonnement	7
recule	7
règle	7
règles	7
responsable	7
retraite	7
réussite	7
risque	7
savoir	7
servir	7
solution	7
sujets	7
surmonter	7
techniques	7
tel	7
tels	7
tient	7
tirer	7
univers	7
universités	7
vaste	7
venir	7
véritable	7
vieux	7
vœux	7
voies	7
voir	7
"	6
1963	6
1968	6
1973	6
1979	6
1981	6
1993	6
2001	6
2010	6
2011	6
60	6
accord	6
agisse	6
aient	6
Airbus	6
améliorer	6
amitié	6
appel	6
Après	6
arrive	6
aspirations	6
assumer	6
attends	6
au-delà	6
Aujourd'hui	6
aurai	6
Aussi	6
autrefois	6
auxquels	6
ayant	6
cadre	6
cesse	6
change	6
choc	6
chômeurs	6
commencé	6
compétitivité	6
concerne	6
Conseil	6
continuera	6
continuité	6
décider	6
défi	6
départements	6
dernière	6
derniers	6
dirigeants	6
divisions	6
domaine	6
écoles	6
écouter	6
engage	6
engagent	6
entendu	6
entente	6
entière	6
espère	6
étrangers	6
européen	6
exige	6
facile	6
faibles	6
faites	6
fasse	6
faudra	6
fier	6
frappe	6
handicapés	6
Homme	6
humain	6
immense	6
importance	6
important	6
industrielle	6
inquiétudes	6
intelligence	6
Irak	6
jeune	6
laïcité	6
-le	6
Ma	6
mains	6
mars	6
meilleure	6
meilleures	6
mérite	6
modèle	6
mots	6
N'	6
négociation	6
Nord	6
-nous	6
offre	6
Or	6
oublier	6
oui	6
ouverture	6
Partout	6
patrimoine	6
perdre	6
personnelle	6
petites	6
pleinement	6
pointe	6
points	6
porte	6
pourra	6
pourrait	6
précédent	6
présidence	6
président	6
printemps	6
privés	6
profondément	6
propose	6
puisque	6
rapport	6
rassemblée	6
rassembler	6
réaliser	6
récemment	6
reconnaissance	6
rythme	6
sache	6
salaires	6
salue	6
scolaire	6
serons	6
simples	6
solidaire	6
Solidarité	6
solutions	6
souffrances	6
souhaits	6
source	6
soutenir	6
suite	6
tâche	6
territoires	6
traité	6
uns	6
vivante	6
vocation	6
voici	6
Voici	6
vois	6
voisins	6
voulez	6
vraiment	6
'	5
1960	5
1961	5
1964	5
1965	5
1975	5
1980	5
20	5
2005	5
5	5
aborder	5
active	5
adressent	5
affirme	5
affronter	5
âge	5
Aider	5
aime	5
ambitions	5
angoisse	5
annonce	5
apporter	5
ardeur	5
arrivé	5
association	5
associations	5
au-dehors	5
aurait	5
bâtir	5
belle	5
bord	5
budget	5
cap	5
capacités	5
cependant	5
certain	5
civilisation	5
combats	5
combien	5
conduite	5
conflit	5
considérable	5
constate	5
construit	5
contrat	5
défis	5
dehors	5
désordre	5
détermination	5
détresse	5
difficulté	5
disais	5
diverses	5
diversité	5
doutes	5
dû	5
effets	5
efficace	5
efficacité	5
émotion	5
empêcher	5
enjeux	5
entendre	5
entends	5
enthousiasme	5
épargne	5
essor	5
Européens	5
évolutions	5
exclus	5
faisant	5
ferai	5
fidèle	5
finance	5
fiscalité	5
foi	5
fonction	5
formidable	5
franc	5
frappé	5
garant	5
générale	5
générations	5
habitants	5
haut	5
Histoire	5
huit	5
immigrés	5
imposent	5
indispensable	5
innovation	5
inscrit	5
international	5
internationales	5
investir	5
isolement	5
Italie	5
jeu	5
jouer	5
Koweït	5
libération	5
libérer	5
lorsque	5
marché	5
marqué	5
mer	5
Ministre	5
modernité	5
-moi	5
mondial	5
Nations-Unies	5
naturellement	5
obtenir	5
organisations	5
oublions	5
ouverte	5
parents	5
partir	5
plupart	5
poids	5
population	5
populations	5
portes	5
pourvus	5
préparer	5
présence	5
présidentielle	5
producteurs	5
profit	5
quant	5
querelles	5
racisme	5
rapide	5
rassemblement	5
réduction	5
réformer	5
relations	5
relever	5
républicain	5
résolue	5
rétablir	5
revenu	5
révolution	5
richesse	5
Russie	5
saisir	5
sang	5
Sans	5
sauvegarde	5
savez	5
science	5
secousses	5
Sécurité	5
sentir	5
signe	5
signes	5
solidité	5
souci	5
soucis	5
souffrance	5
souverain	5
soyez	5
Soyons	5
Strasbourg	5
structures	5
subir	5
supérieur	5
technologies	5
tiens	5
tradition	5
unir	5
vécu	5
venons	5
villes	5
vitalité	5
voix	5
1958	4
1972	4
1992	4
1996	4
1997	4
1er	4
2002	4
2004	4
2009	4
2012	4
8	4
absolument	4
accélérer	4
accords	4
accueillante	4
actuelle	4
agitation	4
agriculteurs	4
ajouter	4
alliance	4
ambitieuse	4
âme	4
amicale	4
apportera	4
apprendre	4
Ariane	4
assure	4
assuré	4
atteindre	4
atteint	4
atteinte	4
attentats	4
augmentation	4
augmenté	4
avançons	4
aventure	4
barrières	4
bataille	4
buts	4
calme	4
capitale	4
caractère	4
-ce	4
célébrer	4
Cependant	4
certainement	4
certes	4
cesser	4
chaleur	4
champ	4
Chaque	4
Chez	4
Chine	4
choisir	4
chose	4
cinquième	4
clairement	4
Combien	4
Comme	4
commencent	4
Comment	4
communautarisme	4
complètement	4
comportements	4
comptes	4
concurrents	4
confiants	4
confusion	4
connaissent	4
considérables	4
continué	4
contribué	4
côtés	4
courageux	4
coûte	4
crédits	4
créent	4
danger	4
dangereux	4
décennies	4
décision	4
demeure	4
demi	4
démographique	4
dépasse	4
Dès	4
désirs	4
détruire	4
devions	4
dirai	4
disposer	4
divers	4
dois	4
donné	4
douter	4
Droits	4
durable	4
durée	4
éloignés	4
emporte	4
emporter	4
engagé	4
engagées	4
Ensemble	4
envie	4
éprouvés	4
équipement	4
état	4
étendre	4
études	4
Euro	4
évident	4
éviter	4
exceptionnelle	4
exigences	4
extérieure	4
extraordinaire	4
facultés	4
faible	4
faim	4
familiale	4
fatalité	4
favorisés	4
ferme	4
fils	4
financement	4
finances	4
financières	4
finit	4
fixé	4
froid	4
futur	4
garantie	4
garantit	4
graves	4
guerres	4
habitudes	4
haine	4
hélas	4
heureusement	4
horizon	4
humanité	4
image	4
immédiat	4
immobilisme	4
importantes	4
impôt	4
indépendant	4
industriel	4
industriels	4
insécurité	4
intégration	4
intelligente	4
inutiles	4
investissements	4
invite	4
issue	4
jadis	4
Japon	4
-je	4
joue	4
justement	4
Justice	4
-là	4
laisse	4
laisser	4
leçon	4
législatives	4
Liban	4
limites	4
logements	4
lorsqu'	4
maîtriser	4
Marché	4
marquer	4
menaces	4
mesurons	4
met	4
mettant	4
militaire	4
millénaire	4
minimum	4
modernes	4
moments	4
mondiales	4
montre	4
morale	4
mouvement	4
moyen	4
Moyen-Orient	4
nature	4
naturel	4
nécessité	4
négociations	4
Noël	4
Non	4
normal	4
nôtres	4
nucléaire	4
nuit	4
objectifs	4
occidentale	4
oppression	4
organiser	4
otages	4
ouvriers	4
parti	4
partisans	4
pensées	4
pensent	4
permanente	4
permette	4
permettront	4
personnel	4
peser	4
peur	4
Pologne	4
portent	4
pouvait	4
pouvez	4
pratiquer	4
préférences	4
premières	4
prennent	4
présente	4
priorités	4
problème	4
prochaine	4
prochains	4
proches	4
production	4
produits	4
progresse	4
promesse	4
propositions	4
puissent	4
puissions	4
rapidement	4
rappelle	4
réalisé	4
reçu	4
redonner	4
réelles	4
Réforme	4
réfugiés	4
regarder	4
regrets	4
relancer	4
remettre	4
rempli	4
rémunérations	4
rénovation	4
repose	4
reprendre	4
repris	4
respectée	4
respecter	4
respectueuse	4
resserrer	4
restaurer	4
restera	4
réunis	4
réussirons	4
revenus	4
revient	4
riche	4
Rien	4
risquent	4
rude	4
satisfaction	4
sauver	4
savent	4
scientifiques	4
Se	4
seconde	4
secteurs	4
sept	4
septembre	4
seraient	4
sérieux	4
SMIC	4
sol	4
solide	4
souhait	4
souhaitez	4
souhaitons	4
souvenirs	4
T	4
tâches	4
tard	4
taxe	4
tensions	4
terrain	4
terrorisme	4
tire	4
transports	4
travaillant	4
travaux	4
traversé	4
troubles	4
urgence	4
vaincre	4
vais	4
valent	4
Varsovie	4
yeux	4
...	3
16	3
18	3
1962	3
1982	3
1983	3
1986	3
1987	3
1989	3
1994	3
2	3
2003	3
2013	3
25	3
3	3
30	3
6	3
abri	3
abus	3
accepte	3
accidents	3
accompli	3
accomplir	3
accomplit	3
accroître	3
accrue	3
acte	3
actifs	3
actuelles	3
administration	3
affaires	3
affirmer	3
Africains	3
agricoles	3
ajoute	3
algérienne	3
alléger	3
allez	3
alliances	3
allocation	3
allocations	3
amélioration	3
aménagement	3
Américains	3
Angleterre	3
angoisses	3
Année	3
apaisée	3
appartenir	3
appliquée	3
apporté	3
apportent	3
appuie	3
ardents	3
argent	3
armement	3
armes	3
arrêter	3
arrivée	3
artisans	3
Assemblée	3
assume	3
assumerai	3
Assurément	3
atout	3
attachement	3
attend	3
attendant	3
attente	3
attentes	3
attention	3
attrait	3
au-	3
Aucun	3
Au-delà	3
augmenter	3
auraient	3
aussitôt	3
autonomie	3
avions	3
bases	3
bat	3
beau	3
Berlin	3
besoins	3
blessés	3
Bosnie	3
bouger	3
bouleversements	3
bref	3
Bref	3
Canada	3
capital	3
catastrophes	3
ceci	3
Celle	3
chagrins	3
chaleureusement	3
chiffres	3
ciel	3
civile	3
climat	3
collectivité	3
collectivités	3
commande	3
commencée	3
communautés	3
communes	3
compétition	3
complète	3
concertation	3
conciliation	3
concitoyens	3
conférence	3
confié	3
confrontés	3
congés	3
connaît	3
connaître	3
conquête	3
conscient	3
conséquence	3
conservatismes	3
consommation	3
constamment	3
constater	3
continue	3
contraintes	3
contraste	3
contribue	3
contribution	3
couleurs	3
courageuse	3
course	3
courte	3
craindre	3
cruelle	3
culturel	3
dangers	3
déchirer	3
décidément	3
défavorisées	3
déficits	3
dégager	3
demandent	3
départ	3
dépendance	3
dépendent	3
désir	3
desquelles	3
destruction	3
deuil	3
dignes	3
diplomatie	3
directement	3
discours	3
discuter	3
dispositions	3
dissimuler	3
divisée	3
diviser	3
dominent	3
double	3
Douze	3
drames	3
Du	3
dur	3
écart	3
échapper	3
échec	3
échelle	3
économies	3
écoutée	3
écouterai	3
efficaces	3
élargir	3
élargissement	3
elle-	3
élus	3
embauche	3
empire	3
emprunt	3
encourage	3
engagée	3
engagements	3
enseignants	3
ensuite	3
entraide	3
entrée	3
équilibres	3
équitable	3
ère	3
erreurs	3
espérances	3
essentielle	3
essentiels	3
étions	3
êtres	3
eu	3
Européenne	3
euros	3
exception	3
excès	3
excessives	3
exemplaire	3
exemples	3
exerce	3
expérience	3
expression	3
extérieurs	3
Face	3
faciles	3
faits	3
faudrait	3
favorable	3
fêtes	3
figure	3
fil	3
fixés	3
fonctions	3
fondamentale	3
fondé	3
fondement	3
fondent	3
fonds	3
formant	3
former	3
fortement	3
fortes	3
fragiles	3
fragilité	3
françaises	3
François	3
frappés	3
froide	3
furent	3
fût	3
gagné	3
gaieté	3
garder	3
Gaulle	3
génération	3
généreux	3
générosité	3
géographie	3
Gorbatchev	3
goût	3
Grande-Bretagne	3
grandir	3
gravité	3
groupe	3
Guerre	3
hier	3
hiver	3
idéal	3
idéaux	3
idée	3
illusion	3
images	3
imagination	3
immenses	3
immigration	3
impératif	3
impuissance	3
incertain	3
industrielles	3
inéluctable	3
inévitablement	3
influence	3
information	3
inquiétude	3
insertion	3
instant	3
instants	3
instruire	3
instrument	3
intérieure	3
interrogations	3
Israël	3
j	3
Jean-Pierre	3
joies	3
Là	3
laissera	3
laissons	3
large	3
latine	3
lendemain	3
lesquels	3
lettre	3
librement	3
libres	3
licenciements	3
ligne	3
limiter	3
liste	3
lourde	3
lutter	3
lycée	3
maintienne	3
maisons	3
maîtres	3
majeurs	3
Malgré	3
malheureux	3
manque	3
masse	3
médecine	3
membres	3
mémoire	3
menacée	3
mène	3
mentalités	3
mesurer	3
métier	3
mettent	3
mises	3
mobilisent	3
mobilisés	3
moral	3
mort	3
multiplier	3
Nationale	3
nationales	3
naturelles	3
noire	3
nombreuses	3
Nord-Sud	3
oblige	3
observateurs	3
offrir	3
-on	3
or	3
organisée	3
orientation	3
origines	3
oublie	3
outre	3
ouvrant	3
pacifique	3
pacte	3
Palestiniens	3
paraissent	3
paraît	3
parole	3
partage	3
partis	3
parvenir	3
parviendra	3
parvient	3
passer	3
passion	3
passions	3
Patrie	3
payer	3
pensons	3
périls	3
permettent	3
perspectives	3
persuadé	3
petite	3
petits	3
peuplée	3
pied	3
placé	3
poser	3
position	3
possibilités	3
Pourquoi	3
pourrons	3
pratique	3
précieux	3
précisément	3
Président	3
présidera	3
presque	3
presse	3
prévaloir	3
prévenir	3
prévention	3
prévoir	3
principe	3
prochaines	3
productivité	3
profits	3
profond	3
profonde	3
profondeur	3
proposer	3
prospère	3
protège	3
protégés	3
provoquer	3
Puissent	3
qualifiés	3
quartiers	3
quatrième	3
quelques-uns	3
questions	3
Qui	3
quiconque	3
quotidien	3
quotidiennes	3
RAFFARIN	3
ralentissement	3
rapatriés	3
rapprochement	3
rassemble	3
réchauffement	3
reconnaît	3
reconnaître	3
reconnus	3
réellement	3
référendum	3
région	3
régler	3
religion	3
remplir	3
rencontre	3
rendu	3
renier	3
renoncer	3
répartition	3
répète	3
repli	3
répond	3
repos	3
représente	3
représenter	3
résoudre	3
respectant	3
respectés	3
ressentir	3
restant	3
retrouve	3
réussi	3
reviens	3
richesses	3
routes	3
RSA	3
Sachons	3
saine	3
salaire	3
saluer	3
sang-froid	3
saura	3
sein	3
semaine	3
semaines	3
semble	3
sentiez	3
séparés	3
servant	3
Seule	3
seules	3
siècles	3
sincères	3
sociétés	3
soif	3
solidarités	3
somme	3
sortes	3
souviens	3
Soviétique	3
spéculation	3
stables	3
subi	3
Sud	3
suffit	3
suivre	3
superpuissances	3
suppose	3
suprême	3
surmonté	3
sûrs	3
suscitent	3
syndicats	3
tableau	3
talent	3
talents	3
telles	3
tempête	3
tendance	3
tendre	3
tension	3
termine	3
terribles	3
territoire	3
tes	3
tête	3
titre	3
tôt	3
touchés	3
tour	3
tournée	3
Tous	3
tragique	3
tranquillité	3
transformation	3
transformer	3
travaille	3
travaillons	3
tristesse	3
trouble	3
trouve	3
trouvé	3
trouvera	3
unissent	3
université	3
veille	3
veiller	3
veillerai	3
verrez	3
veulent	3
vies	3
vigoureusement	3
ville	3
violences	3
visant	3
vis-à-vis	3
vit	3
vitesse	3
vivant	3
voient	3
volontaire	3
voté	3
voulait	3
vrais	3
vulnérables	3
-y	3
11	2
1789	2
1940	2
1967	2
1971	2
1985	2
1988	2
1990	2
1999	2
2007	2
2008	2
21ème	2
24	2
26	2
320	2
35	2
350	2
360	2
4	2
45	2
500	2
80	2
9	2
abaisser	2
abîme	2
aborde	2
absence	2
absolue	2
accablés	2
acceptable	2
accepter	2
accès	2
accompagne	2
accompagnement	2
accomplies	2
accordée	2
accroissement	2
accroissent	2
accueillir	2
achevée	2
acquérir	2
actes	2
acteur	2
acteurs	2
actif	2
actions	2
activités	2
addition	2
Adieu	2
admirable	2
adressons	2
affecte	2
affectueux	2
affirmation	2
affranchissement	2
Afghanistan	2
africaines	2
africains	2
agences	2
âgés	2
agi	2
agira	2
agressions	2
agricole	2
aidera	2
aille	2
aimée	2
aiment	2
aimez	2
aînés	2
ajoutent	2
Albanie	2
alerte	2
algérien	2
Algériens	2
allant	2
allégement	2
alliés	2
ambitieux	2
américaine	2
âmes	2
amicales	2
amitiés	2
amorcée	2
amplifie	2
anarchie	2
anniversaire	2
annoncée	2
anticiper	2
Antilles	2
antisémitisme	2
anxiété	2
apercevoir	2
appartenez	2
appeler	2
appellent	2
application	2
applique	2
appliquées	2
appliquer	2
appliquera	2
approche	2
ardemment	2
arrière	2
arts	2
asservir	2
assister	2
assumé	2
assurément	2
assurent	2
a-t	2
Athènes	2
atomique	2
attendu	2
attentive	2
attrister	2
audace	2
au-dedans	2
augmentations	2
augmente	2
auparavant	2
auprès	2
aurez	2
Autant	2
autonomes	2
autoroutes	2
autosatisfaction	2
Aux	2
auxquelles	2
avancent	2
avantage	2
avantages	2
aviez	2
avons-	2
Ayant	2
Ayons	2
balance	2
Balkans	2
banlieues	2
bats	2
bébés	2
Belgique	2
bénéficie	2
bénéficient	2
bien-être	2
bilan	2
blessent	2
bleus	2
blocages	2
blocs	2
Bonsoir	2
bourrasques	2
brisée	2
Bucarest	2
C	2
cadres	2
calendrier	2
Cambodge	2
campagnes	2
camps	2
candidats	2
capitalisme	2
cartes	2
casques	2
catastrophe	2
Ceci	2
céder	2
célébré	2
cellule	2
Centrale	2
centre	2
Ceux	2
chaleureuse	2
chaleureuses	2
champion	2
changé	2
chanson	2
chant	2
chantiers	2
chargé	2
chargés	2
chaud	2
chef	2
chemins	2
cherche	2
cherchent	2
chercheurs	2
chère	2
ciment	2
Cinq	2
citoyen	2
citoyenneté	2
clair	2
classes	2
clivages	2
collectives	2
combattants	2
combattue	2
comblés	2
commencer	2
commercial	2
communications	2
communs	2
compétitifs	2
complet	2
comprends	2
compreniez	2
comptent	2
comptons	2
concernent	2
concertée	2
conclusion	2
conduits	2
Confédération	2
confirmé	2
confondre	2
conjoncture	2
conjuguer	2
conjurer	2
connais	2
connaissons	2
connue	2
conquérir	2
conquis	2
consacre	2
consentis	2
conserve	2
considération	2
considère	2
consolider	2
consommateurs	2
constance	2
construisons	2
consultation	2
contacts	2
continents	2
continuerons	2
contrats	2
contrepartie	2
contribuables	2
contribuent	2
convaincre	2
convient	2
côté	2
cotisations	2
courant	2
craintes	2
créant	2
créativité	2
créatrice	2
crée	2
créé	2
criminels	2
critiques	2
croit	2
Croyez	2
cruellement	2
cruels	2
culturelle	2
dangereuse	2
date	2
débattre	2
déchirée	2
décide	2
décident	2
décisive	2
Déclaration	2
découragement	2
découverte	2
défauts	2
défavorisés	2
défend	2
défendra	2
définitive	2
définitivement	2
Déjà	2
délai	2
délinquance	2
démagogie	2
demandez	2
Demandez	2
démocratiques	2
démontre	2
démontrer	2
dépendantes	2
déployer	2
désire	2
Désormais	2
dessine	2
destinées	2
dette	2
Deux	2
devait	2
développent	2
devenu	2
devienne	2
devient	2
devise	2
dévouement	2
devront	2
dictature	2
Dieu	2
différées	2
différence	2
diminué	2
diminuer	2
dira-t	2
direction	2
direz	2
discriminations	2
discussion	2
disparaîtront	2
dispositif	2
dissoudre	2
dissuasion	2
distingue	2
divisent	2
division	2
doive	2
domination	2
dominer	2
donnant	2
Donner	2
donnerons	2
dotés	2
douleur	2
douloureux	2
durables	2
durait	2
dynamique	2
E	2
écarté	2
échange	2
échanger	2
échéance	2
éclaircit	2
éclatante	2
écologique	2
écoulée	2
écouté	2
écoutez	2
écraser	2
effectivement	2
effectué	2
efficacement	2
effondrement	2
élargie	2
électricité	2
éléments	2
élevé	2
élèves	2
élevés	2
élu	2
élue	2
embaucher	2
empêchera	2
employeurs	2
emporté	2
-en	2
Encore	2
encourager	2
Encourager	2
encoure	2
enfant	2
enfermer	2
engagerai	2
engendrent	2
ennuyer	2
énormes	2
enrichissement	2
Ensuite	2
entièrement	2
entraîner	2
entreprendre	2
entrepreneurs	2
entrepris	2
entrer	2
envers	2
enviée	2
environ	2
Environnement	2
éprouvé	2
éprouvent	2
épuise	2
équitables	2
Espagnols	2
essayé	2
essentiellement	2
essentielles	2
établi	2
établir	2
établissements	2
étapes	2
éthique	2
étroits	2
étudiants	2
Européen	2
européennes	2
évoluent	2
évoquer	2
exactement	2
exaspération	2
excessif	2
exemplaires	2
exercer	2
exercice	2
exigeante	2
exigent	2
existe	2
existent	2
exister	2
exonérer	2
exprimant	2
expriment	2
extension	2
extérieures	2
ex-Yougoslavie	2
faciliter	2
facilités	2
faillite	2
Faire	2
Faisons	2
Faites	2
fallu	2
fassent	2
féconde	2
fécondes	2
ferez	2
fermeté	2
feu	2
Fidèle	2
fidèles	2
fière	2
fierté	2
filles	2
Fillon	2
finalement	2
financier	2
financiers	2
finir	2
fonctionnement	2
fondée	2
Fonds	2
forcément	2
formalités	2
formations	2
formuler	2
foyers	2
Française	2
franchement	2
franchir	2
fraternel	2
fraternels	2
freiner	2
frontière	2
fusée	2
gagnera	2
garanties	2
garantira	2
gardant	2
gardien	2
gardiez	2
Gardons	2
gars	2
généreuse	2
Genève	2
génie	2
genre	2
gestion	2
gisement	2
Golfe	2
gouvernements	2
grandissante	2
gravement	2
grève	2
guère	2
habite	2
haines	2
handicapées	2
haute	2
historique	2
Hollande	2
hôpitaux	2
horreurs	2
hors	2
hospitalier	2
humaines	2
humains	2
humaniser	2
humanitaire	2
ignore	2
ignorer	2
illusions	2
importe	2
imposé	2
imposer	2
impossible	2
incertaine	2
incertitudes	2
incombent	2
incompréhension	2
inconscience	2
inconsistance	2
indécise	2
indépendants	2
indique	2
individualisme	2
industries	2
injustices	2
inondations	2
inquiets	2
insistance	2
inspire	2
installer	2
instinct	2
instruments	2
insuffisamment	2
intangible	2
intensifier	2
interdiction	2
interroger	2
intervention	2
intimider	2
inutile	2
inutilement	2
invectives	2
invitent	2
irons	2
isolés	2
Jamais	2
Jean-Marc	2
jouons	2
Jusqu'	2
jusque	2
justifier	2
l970	2
-la	2
lacunes	2
laissé	2
laisserons	2
laissés	2
laissions	2
lancé	2
lancer	2
langue	2
légitimes	2
léguerons	2
lentement	2
Lesquels	2
libérés	2
Libres	2
liée	2
liens	2
liés	2
lignes	2
limite	2
locale	2
locales	2
lointain	2
lointains	2
Londres	2
Lorsque	2
lourdes	2
lourds	2
lucides	2
lucidité	2
Lucidité	2
lumière	2
luttent	2
Lutter	2
lycées	2
Maastricht	2
maintenu	2
maître	2
majeur	2
majeures	2
malgache	2
malheurs	2
manquait	2
manqué	2
marins	2
marquée	2
martyrisés	2
massif	2
massifs	2
matière	2
matières	2
matin	2
maturité	2
mécanique	2
médiocrité	2
Méditerranée	2
mêlent	2
Même	2
menaçante	2
menacées	2
mené	2
mener	2
merci	2
méritent	2
métiers	2
mettons	2
mienne	2
Mieux	2
mieux-être	2
militaires	2
milliards	2
milliers	2
million	2
mobilise	2
mobilisé	2
moderniser	2
modestes	2
moitié	2
mondiaux	2
Monsieur	2
montrer	2
moraliser	2
Moscou	2
mouvements	2
moyenne	2
moyennes	2
multiples	2
multiplient	2
naissance	2
naîtront	2
naturels	2
navigation	2
Néanmoins	2
négocier	2
neige	2
neuf	2
nommé	2
Nouvelle-Calédonie	2
nucléaires	2
nuire	2
nul	2
Nul	2
Nulle	2
numérique	2
objet	2
obligation	2
obligatoire	2
Occident	2
occupé	2
odieuse	2
offrant	2
offrons	2
opinion	2
opinions	2
opposition	2
opprimés	2
optimisme	2
organise	2
organisent	2
Orient	2
Ou	2
oublierons	2
ouest	2
outrecuidance	2
Outre-Mer	2
ouvertes	2
ouvrent	2
Pacte	2
paie	2
pareil	2
pareille	2
parlement	2
Parmi	2
partagé	2
partagés	2
participer	2
parvenus	2
passage	2
passera	2
patiemment	2
patience	2
patronales	2
pauvre	2
payés	2
pénal	2
pensais	2
pensant	2
penserez	2
pensions	2
pente	2
perdus	2
père	2
périodes	2
permettrez	2
personnage	2
perspective	2
pèse	2
pèsent	2
Peu	2
peurs	2
pierre	2
pires	2
places	2
plaisir	2
plaît	2
Plan	2
plans	2
populaire	2
populaires	2
portant	2
porté	2
portera	2
portés	2
porteurs	2
porteuse	2
portons	2
Portugais	2
posé	2
positif	2
positions	2
posséder	2
poursuivi	2
poursuivions	2
Poursuivre	2
poursuivrons	2
pourvoir	2
pousser	2
Prague	2
préalable	2
précarité	2
prédis	2
prélevé	2
prenant	2
prendra	2
prendront	2
prenne	2
préoccupations	2
prépare	2
préparé	2
préparent	2
préparez	2
présentent	2
présentes	2
présents	2
pression	2
prête	2
prêter	2
prêts	2
principal	2
principalement	2
prisonniers	2
prisons	2
Proche-Orient	2
proclamer	2
prodigue	2
profession	2
professionnelles	2
profite	2
profondes	2
profonds	2
progressivement	2
promesses	2
promets	2
promouvoir	2
proposé	2
prouvent	2
provoqué	2
Puis	2
puisqu'	2
Puisqu'	2
Puisque	2
puissante	2
puissants	2
Puisse	2
puissiez	2
quantité	2
quarante	2
quart	2
Quel	2
quelque	2
Quoi	2
racines	2
raisonnable	2
raisonnables	2
ramener	2
rangs	2
rappelant	2
rapprochent	2
rassurée	2
rayonne	2
rayonner	2
réalisations	2
réalisme	2
réaliste	2
réalités	2
récentes	2
récents	2
recherches	2
reclassement	2
récompense	2
réconciliée	2
réconfort	2
reconnaissent	2
record	2
recul	2
redire	2
redis	2
réduisant	2
réduit	2
réel	2
réels	2
refaire	2
réfléchir	2
réformerons	2
refus	2
regard	2
Regardons	2
réglé	2
réglementations	2
relâche	2
remis	2
Renaissance	2
rencontrés	2
rend	2
rendrai	2
renforcé	2
renouer	2
rentrée	2
réorganiser	2
replier	2
répondent	2
reprendra	2
républicaine	2
Républiques	2
résisté	2
résister	2
résolument	2
résolus	2
Respect	2
Respectons	2
respire	2
ressaisie	2
ressent	2
ressentons	2
ressorts	2
restait	2
restent	2
résultat	2
résulte	2
rétabli	2
rétablissement	2
retard	2
retards	2
retrouvailles	2
retrouvée	2
retrouvons	2
réussites	2
rêve	2
réveil	2
réveillon	2
revenir	2
rêver	2
Révolution	2
rivaliser	2
Rome	2
routière	2
rudes	2
Russes	2
sacrifices	2
saisis	2
salut	2
salutaire	2
Sarajevo	2
satellites	2
sauvées	2
sauvegarder	2
sauvetage	2
savants	2
savoir-faire	2
scène	2
secours	2
sécurisation	2
semblable	2
semblait	2
sensibles	2
sent	2
sente	2
sentent	2
séparation	2
séparent	2
serai	2
sereine	2
serions	2
sert	2
servons	2
seuil	2
sévère	2
sévit	2
SIDA	2
signal	2
signifie	2
simple	2
sincérité	2
soin	2
sois	2
solennellement	2
solidairement	2
solides	2
sommet	2
Son	2
songe	2
sortie	2
sortirons	2
souffert	2
souffle	2
souhaité	2
souhaiter	2
soumis	2
soutenu	2
soutient	2
souvenir	2
souveraineté	2
spécialement	2
spécialistes	2
spirituelles	2
sports	2
stériles	2
stratégie	2
subversion	2
suffrage	2
suffrages	2
suivant	2
suivi	2
supérieure	2
sûre	2
sursaut	2
suscite	2
symbole	2
sympathie	2
systèmes	2
t	2
Tandis	2
tâtonnements	2
taux	2
technologique	2
témoignent	2
témoigner	2
tempérament	2
tenant	2
tendances	2
tendue	2
tenons	2
tentation	2
tenter	2
tenue	2
Terre	2
territoriale	2
territoriales	2
têtes	2
tienne	2
tiennent	2
Tiers-monde	2
Tiers-Monde	2
tirent	2
toit	2
tomber	2
totalitaire	2
totalitaires	2
totalitarisme	2
touchent	2
tourmente	2
tourmenté	2
trace	2
tracée	2
traditionnelles	2
tragédie	2
tragédies	2
trancher	2
transactions	2
transformée	2
travers	2
traverse	2
traversent	2
traversons	2
Troisième	2
troublé	2
trouvent	2
trouvons	2
tu	2
turbulences	2
tyrannie	2
unies	2
Unies	2
Unis	2
V	2
vaines	2
valoir	2
vanité	2
vents	2
venus	2
verra	2
verront	2
vertus	2
victoire	2
vieilles	2
vienne	2
Vietnam	2
vigoureuse	2
vingt-cinq	2
visage	2
vision	2
visite	2
vives	2
voisin	2
voudrait	2
voudront	2
voulaient	2
vouloir	2
voyez	2
voyons	2
XXIème	2
Yalta	2
Yougoslavie	2
zone	2
10	1
128	1
15	1
150	1
160	1
170	1
176	1
1789-1989	1
1800	1
1919	1
1947	1
1959	1
1966	1
1969	1
1970	1
1973-1974	1
1978	1
1984	1
1991	1
1998	1
1ère	1
2000ème	1
2020	1
20ème	1
20Mds	1
210	1
2100	1
216	1
22	1
300	1
32	1
410	1
4ème	1
50	1
50e	1
518	1
565	1
5ème	1
68	1
70	1
700	1
88	1
89	1
90	1
A380	1
abaisse	1
abandon	1
abandonnait	1
abandonne	1
abandonnée	1
abandonnent	1
abandonnés	1
abattues	1
abdication	1
abnégation	1
abordent	1
abordons	1
aboutisse	1
aboutissement	1
aboutissent	1
aboutit	1
absentéisme	1
absolu	1
abstentions	1
absurde	1
abusé	1
accabler	1
accélération	1
accélère	1
accéléré	1
accélérée	1
accentuant	1
accepté	1
Accepter	1
accessible	1
accession	1
accident	1
accompagnais	1
accompagné	1
accompagner	1
accomplis	1
accomplissant	1
accomplissement	1
accomplissent	1
accordent	1
accorder	1
accroissements	1
accroît	1
accroîtra	1
accru	1
accueil	1
accueillant	1
accueille	1
accueillera	1
accueillerai	1
accueillis	1
accueillons	1
accumulé	1
accumulent	1
accumulions	1
acharnait	1
achats	1
acheminement	1
achète	1
achetons	1
achever	1
achevons	1
à-coups	1
Active	1
activement	1
actives	1
actuel	1
acuité	1
adaptée	1
adaptées	1
adaptent	1
Adapter	1
adaptés	1
adaptons	1
adéquate	1
à-dire	1
admettre	1
administratif	1
admirables	1
admiration	1
admission	1
adopté	1
adressais	1
adressant	1
adressions	1
adulte	1
advienne	1
advient	1
aérien	1
aériennes	1
aéroport	1
affaibli	1
affaiblir	1
affaiblis	1
affamées	1
affectent	1
affection	1
affections	1
affectueusement	1
affermi	1
affermissement	1
affirmé	1
affirment	1
affirmera	1
afflux	1
affreux	1
affrontement	1
africain	1
agents	1
âges	1
agglomération	1
aggravation	1
aggrave	1
aggravent	1
aggraver	1
agitations	1
agiterait	1
agités	1
agonisante	1
agression	1
aidant	1
aidé	1
aident	1
aiderai	1
aiderons	1
aides	1
aide-t	1
aidions	1
aidons	1
Aidons	1
aigreurs	1
aigus	1
aimé	1
aimer	1
Aimer	1
aimerais	1
aimons	1
Aimons	1
air	1
Air-France	1
ajoutant	1
ajouteront	1
ajustement	1
alarmantes	1
Alger	1
Alger-	1
algériennes	1
algériens	1
alimentaire	1
alimenter	1
allait	1
allante	1
allé	1
allègre	1
allemand	1
allemande	1
Allemands	1
Aller	1
allés	1
Alliance	1
allie	1
allocataires	1
allongé	1
Allons	1
alloués	1
altéré	1
alternait	1
alternance	1
alternative	1
améliorations	1
amère	1
américain	1
amertume	1
amicalement	1
amicaux	1
amorce	1
amorcera-	1
amorti	1
amour	1
amours	1
ampleur	1
amplificateur	1
amplifier	1
anachronique	1
Ancien	1
ancienne	1
anciennes	1
anciens-	1
Anglais	1
angulaire	1
anime	1
animé	1
animée	1
Anne-Aymone	1
année1978	1
annexer	1
annexion	1
annoncées	1
annoncent	1
annonces	1
annuellement	1
antagonistes	1
antan	1
apaisées	1
apartheid	1
apercevons	1
apercevrait	1
aperçoit	1
aplomb	1
apparaissent	1
apparaît	1
apparaître	1
appareil	1
apparemment	1
apparents	1
appartenance	1
apparue	1
apparues	1
appelé	1
applicables	1
appliquant	1
appliqué	1
apportées	1
apporteraient	1
apportera-t	1
apportons	1
appréciée	1
apprécient	1
appréciez	1
appréhension	1
apprendrai	1
apprenions	1
apprentis	1
apprentissage	1
apprête	1
apprêtent	1
appris	1
apprivoiser	1
approbation	1
approfondir	1
approprier	1
approuvant	1
approuve	1
approuvé	1
approvisionnements	1
appui	1
appuyons	1
âprement	1
après-	1
arabes	1
arbitrage	1
Arbitrage	1
arbres	1
ardente	1
armées	1
arrache-pied	1
arracher	1
arranger	1
arrêtée	1
arrêtées	1
arrière-plan	1
arrivait	1
arriver	1
artisanat	1
artistes	1
ascension	1
asiates	1
asiatique	1
aspérités	1
aspiration	1
aspirent	1
aspirez	1
assaini	1
assainies	1
assassinats	1
assauts	1
assistanat	1
assistance	1
assistés	1
associant	1
associé	1
associera	1
associés	1
assouplies	1
assumerons	1
assurance	1
assurances	1
assurant	1
assurées	1
assurera	1
Assy	1
atlantique	1
Atlantique	1
atlantisme	1
atmosphère	1
atomiques	1
atroce	1
attachements	1
attachés	1
attaquer	1
attaquera	1
attarderai	1
atteindra	1
atteintes	1
attelée	1
attendez	1
attendue	1
attentif	1
attentifs	1
attire	1
attitude	1
attitudes	1
attraction	1
attractivité	1
attribuée	1
attribuées	1
attristant	1
aube	1
aucunement	1
audacieuse	1
audacieux	1
Au-dedans	1
au-dessus	1
augmentée	1
augmentés	1
aumône	1
aurais	1
aurions	1
aurons	1
Auroux	1
Auschwitz	1
autodétermination	1
automobile	1
automobiles	1
autoriserai	1
autoroute	1
avancées	1
avancera	1
avant-garde	1
avant-postes	1
aventures	1
avertissements	1
aveugle	1
aveuglement	1
avides	1
avis	1
avivent	1
avoirs	1
Avons	1
avril	1
ayez	1
Ayrault	1
AYRAULT	1
Badinter	1
bafoue	1
bafouées	1
bagage	1
baisser	1
Baisser	1
Balladur	1
bancaire	1
banlieue	1
Banque	1
banques	1
barbare	1
barrière	1
basculer	1
bastilles	1
bâti	1
bâtirons	1
bâtissons	1
Bâtissons	1
battant	1
battre	1
battu	1
beauté	1
bébé	1
bel	1
Belges	1
Belgrade	1
bénéfices	1
bénéficiaires	1
bénéficié	1
bénéficier	1
bénévoles	1
bercent	1
Bérégovoy	1
Bernard	1
Beyrouth	1
Biaffra	1
bicentenaire	1
Bicentenaire	1
bienfaits	1
bien-portants	1
Bientôt	1
bienvenus	1
biologie	1
blesse	1
blessée	1
blessures	1
blocage	1
bloquée	1
bloquer	1
Bon	1
bond	1
bonheurs	1
bonnes	1
bons	1
bonus	1
bornés	1
bouche	1
bouge	1
bouillonnement	1
bouleversé	1
bouleversent	1
bouleverseraient	1
bouleversés	1
bousculer	1
bouton	1
branche	1
brefs	1
brillant	1
brise	1
briser	1
britanniques	1
broyer	1
broyeuses	1
brûlée	1
brutal	1
brutale	1
brutalement	1
brutalisé	1
brutalité	1
bruyants	1
Budapest	1
Bulgarie	1
bureaucratiques	1
burqa	1
cabinets	1
câblés	1
cachent	1
cadeau	1
cadences	1
Caire	1
caisse	1
calculé	1
camarades	1
camp	1
campagne	1
cancer	1
canicule	1
canon	1
Capitale	1
capitaux	1
Caracas	1
carrefour	1
carrière	1
carte	1
castes	1
catégorie	1
catégorique	1
caucasiens	1
cède	1
célébration	1
Celles	1
cellules	1
censure	1
centrales	1
cents	1
cercle	1
certaine	1
Certains	1
certificat	1
certitude	1
Cet	1
Chacune	1
chair	1
champions	1
changent	1
changeons	1
changera	1
changes	1
chantages	1
chanté	1
chantier	1
Charente	1
chargée	1
chargeront	1
Charles	1
charte	1
Charte	1
chauffé	1
Chef	1
Chefs	1
chèques-vacances	1
cherchaient	1
cherché	1
chercher	1
cherchons	1
chères	1
chiffre	1
chiffrés	1
chimères	1
chinoise	1
choisie	1
choisies	1
Choisissons	1
choquent	1
chrétienne	1
chronique	1
cinquantenaire	1
circulation	1
circule	1
circuler	1
circuleront	1
cité	1
cités	1
civilisations	1
civiliser	1
civils	1
civisme	1
claire	1
clairs	1
clandestine	1
clans	1
clarté	1
classement	1
clé	1
clémente	1
clés	1
climatique	1
clonage	1
close	1
code	1
coeurs	1
coexister	1
cohérente	1
colère	1
collaboration	1
collège	1
collèges	1
colombes	1
coloniser	1
colonisés	1
Combat	1
combattante	1
combattantes	1
combattre	1
comble	1
Comité	1
commémorer	1
commença	1
commençant	1
commencement	1
commencera	1
commenceront	1
commentateurs	1
commerciales	1
commettre	1
commises	1
Commun	1
communautaire	1
communication	1
communiquer	1
communiste	1
compagnie	1
compagnon	1
comparaison	1
comparer	1
compatriote	1
compétences	1
compétitif	1
compétitives	1
complaisance	1
complices	1
compliquée	1
complots	1
comportant	1
comporte	1
comporté	1
comportée	1
comportent	1
comporter	1
composée	1
compréhension	1
comprendrez	1
comprenez	1
Comprenez	1
comprenne	1
comprenons	1
compromettre	1
compromis	1
Compte	1
concéder	1
concentration	1
concentrée	1
conception	1
conceptions	1
concepts	1
concernant	1
concert	1
concertations	1
conciliable	1
conciliés	1
conclus	1
conclusions	1
concorde	1
concourir	1
condamne	1
condamné	1
condamner	1
conditionne	1
conduirai	1
conduiront	1
Conduisons	1
confédérant	1
conférences	1
conférer	1
Confiance	1
confiant	1
confiante	1
confiée	1
confiées	1
confirmée	1
confirmées	1
confirmera	1
confondons	1
confondra	1
Conformément	1
conforter	1
confrontation	1
confrontée	1
confrontées	1
conjuguent	1
connaissance	1
connaissances	1
connaissez	1
connaîtront	1
connurent	1
conquêtes	1
conquises	1
consacré	1
consacrerai	1
conscients	1
conseil	1
conseils	1
consentement	1
consenties	1
consentirai	1
conséquent	1
Conservons	1
considérant	1
considéré	1
considérer	1
consistent	1
consolidée	1
consommer	1
constante	1
Constantine	1
constatent	1
constatez	1
constatons	1
constitue	1
Constitutionnel	1
constructeurs	1
constructive	1
construira	1
construisions	1
construits	1
consultatif	1
contagion	1
contemporain	1
contemporains	1
contenir	1
content	1
contestées	1
Continent	1
continental	1
continuée	1
continuent	1
Continuer	1
continueront	1
continus	1
contours	1
contractuelle	1
contradiction	1
contradictions	1
contraindre	1
contraste-t	1
Contre	1
contretemps	1
contribuera	1
contributions	1
contrôle	1
contrôlée	1
contrôles	1
convainc	1
convaincu	1
convainque	1
convenable	1
conventionnelles	1
conventions	1
convie	1
conviendrez	1
conviens	1
convulsions	1
coordination	1
coordonner	1
Copenhague	1
cordialement	1
corporatismes	1
corps	1
correctionnels	1
corresponde	1
corriger	1
corrompt	1
Côte	1
cou	1
couleur	1
coupable	1
Coupe	1
couperaient	1
couple	1
coups	1
courageuses	1
courantes	1
courbe	1
courbés	1
court	1
cousins	1
coût	1
coûté	1
couvert	1
couvertes	1
craignent	1
craignez	1
craignons	1
créateur	1
créateurs	1
créatrices	1
créée	1
créées	1
créerons	1
creusé	1
creusent	1
criante	1
crimes	1
criminel	1
critère	1
critères	1
critique	1
critiquer	1
croie	1
croissant	1
croissante	1
croître	1
croyait	1
croyance	1
cru	1
crucial	1
cruciaux	1
cruel	1
cultivant	1
cultive	1
cultivent	1
culturelles	1
cultures	1
cumul	1
cumuls	1
dangereuses	1
débarrassé	1
débarrassée	1
débattait	1
débit	1
débloquer	1
déborde	1
debout	1
débuté	1
décadence	1
décalage	1
décemment	1
décentralisation	1
déception	1
déceptions	1
déchaînement	1
déchire	1
déchiré	1
déchirements	1
déchirent	1
déchu	1
décidée	1
déciderait	1
déciderons	1
décidés	1
décideurs	1
décimé	1
décisif	1
décisifs	1
déclaration	1
déclaré	1
déclenche	1
déclin	1
déconfiture	1
découle	1
découragé	1
découvrir	1
décrire	1
décrites	1
décrue	1
déçus	1
dedans	1
défaillances	1
défaillants	1
défaire	1
défait	1
défalcation	1
défaut	1
défendant	1
défendent	1
Défendons	1
défendu	1
défendue	1
Défense	1
déficit	1
déficitaire	1
défigurés	1
défini	1
définitif	1
défiscalisées	1
défricher	1
dégâts	1
dégradent	1
dégrader	1
délectation	1
délégation	1
délibérément	1
délinquants	1
délocalisable	1
délocalisations	1
délocalise	1
délocaliser	1
démagogies	1
démagogues	1
Demain	1
demanderons	1
demeurent	1
Demeurez	1
demeurons	1
demi-siècle	1
démocraties	1
démocratiquement	1
démographie	1
démographiques	1
démon	1
démultiplier	1
dénigrement	1
dénonçant	1
dents	1
dépassé	1
dépassées	1
dépasser	1
dépassés	1
dépassons	1
dépendante	1
dépendra	1
dépendront	1
dépenser	1
dépériraient	1
déplacements	1
déplacer	1
déplacez	1
déplaise	1
déploie	1
déployant	1
déployé	1
déposé	1
dépourvus	1
députés	1
dérègle	1
dérèglements	1
dérisoire	1
dérisoires	1
déroberai	1
déroulent	1
déroulera	1
derrière	1
désaccords	1
désarmer	1
désarroi	1
désastre	1
désastres	1
désastreuses	1
désavantagés	1
désendetter	1
déséquilibre	1
déséquilibres	1
désespérément	1
désespérés	1
désignant	1
désirée	1
désordres	1
désorganisée	1
despotisme	1
dessein	1
desserré	1
desserrer	1
dessus	1
déstabilisation	1
destinée	1
désunion	1
désunir	1
détail	1
détendra	1
détermina	1
Détermination	1
déterminer	1
déterminés	1
détestable	1
détourne	1
détourné	1
détourner	1
détruits	1
dettes	1
Deuxième	1
dévastaient	1
dévastation	1
dévaste	1
dévastées	1
Développer	1
développés	1
devenons	1
deviendrons	1
dévierai	1
dévoyée	1
dévoyer	1
devraient	1
devrait	1
devrons	1
diables	1
dialoguant	1
dialogues	1
Diamant	1
dictatures	1
différences	1
Différer	1
digne	1
dignement	1
dimensions	1
diminuent	1
diplomatique	1
dirait	1
directe	1
directes	1
directions	1
diriger	1
dirons	1
diront	1
disait	1
disant	1
discerne	1
discipline	1
discipliné	1
disciplines	1
discorde	1
discrète	1
discrétion	1
discussions	1
discutons	1
disloquer	1
disparaître	1
disparu	1
dispersion	1
disposée	1
disposent	1
disposerez	1
disposés	1
dispositifs	1
disposition	1
dispute	1
dissimulé	1
dissimulés	1
dissociez	1
dissous	1
distance	1
distancer	1
distances	1
distinguer	1
distribuaient	1
distribution	1
dites	1
divergences	1
diversités	1
divise	1
divisé	1
dix-huit	1
dizaines	1
doctrinaires	1
dollar	1
dominé	1
dommages	1
donnée	1
données	1
donneraient	1
donnez	1
Donnons	1
dorénavant	1
dormir	1
dossiers	1
doté	1
dotée	1
douanes	1
douanières	1
doublé	1
douloureuse	1
douloureusement	1
douloureuses	1
doutent	1
doutez	1
douzaine	1
dramatiques	1
drapeau	1
drastique	1
dressée	1
durant	1
Durant	1
durcie	1
dure	1
dus	1
eau	1
ébranle	1
écarter	1
écartés	1
échangent	1
échangerez	1
échappe	1
échappent	1
échéances	1
échéant	1
échoient	1
échoue	1
éclaircira	1
éclairer	1
éclairés	1
éclat	1
éclatant	1
éclatement	1
éclipse	1
écologiques	1
économe	1
économiquement	1
écorchures	1
écoulées	1
écoutant	1
écoute	1
écoutent	1
écoutes	1
écrasés	1
écrit	1
écrivent	1
écroulée	1
édifice	1
Edimbourg	1
Edouard	1
éducateurs	1
Éducation	1
effaçant	1
effacement	1
effacer	1
effectifs	1
effectuent	1
efforce	1
efforcé	1
efforcer	1
efforcerait	1
efforcés	1
effrayants	1
égales	1
égalitarisme	1
Élargir	1
élargisse	1
élargissent	1
électoral	1
électronique	1
élévation	1
élève	1
élèvent	1
élever	1
élèvera	1
élira	1
élisant	1
éloignent	1
éludée	1
émaillé	1
emballements	1
embargo	1
embraserait	1
émergents	1
émiettement	1
éminente	1
émouvant	1
empêchant	1
empêché	1
empêchent	1
empêcherons	1
emploient	1
emploierez	1
employer	1
employés	1
employons	1
emportent	1
emportera	1
emprise	1
encouragé	1
encourageants	1
encouragement	1
endeuillées	1
endormir	1
endroit	1
énergétique	1
énergiques	1
enfermés	1
engager	1
engagerait	1
engendre	1
engendrer	1
englobât	1
engrenage	1
enliser	1
ennemis	1
énorme	1
enracinés	1
enrayée	1
enrayer	1
enregistrer	1
enrichie	1
ensanglanté	1
enseignent	1
ensembles	1
entamé	1
entamée	1
entende	1
entendons	1
entendue	1
entendues	1
enthousiasmer	1
enthousiasmes	1
enthousiaste	1
entières	1
entourant	1
entoure	1
entourent	1
entourés	1
entraîne	1
entraîné	1
entraînée	1
entraînements	1
entraîneraient	1
entraînèrent	1
entraînés	1
entravé	1
entravent	1
Entre	1
entrent	1
entreprenant	1
entrepreneur	1
Entrepreneurs	1
entreprenons	1
entretenir	1
entretiennent	1
entrevoir	1
entrevue	1
entrouvrent	1
énumérer	1
envié	1
envisage	1
envisagions	1
envoi	1
épanouir	1
épanouisse	1
épanouissement	1
épanouissent	1
épargnait	1
épargné	1
épargnées	1
épargnent	1
épargner	1
épargnerait	1
épargnés	1
épidémies	1
épouvantées	1
éprouvée	1
éprouveront	1
épuisera	1
équilibrant	1
équilibrés	1
équipage	1
équipe	1
équipes	1
équitablement	1
équité	1
équivalant	1
Erika	1
escale	1
espaces	1
Espagne	1
espérait	1
espérons	1
esprits	1
esquisse	1
esquissé	1
esquiver	1
essayer	1
essayons	1
est-	1
est-à-	1
estimée	1
estompent	1
Est-Ouest	1
établie	1
établirai	1
établis	1
établissant	1
établissement	1
étais	1
Etats-	1
etc	1
étende	1
étendus	1
ethnique	1
étonnante	1
étonnement	1
étouffe	1
étouffer	1
étrangère	1
étrangères	1
étreignaient	1
étreint	1
étrier	1
étroites	1
eue	1
euromissiles	1
Eurydice	1
eussent	1
eut	1
eût	1
eux-	1
évacuation	1
évacué	1
évalué	1
éveiller	1
événement	1
éventualité	1
éventuel	1
évidence	1
évidences	1
évidente	1
évidents	1
évité	1
évitons	1
évoluer	1
exacerber	1
exacte	1
examinés	1
exaspèrent	1
excellence	1
exceptionnel	1
exceptionnelles	1
exceptionnels	1
excitation	1
excitations	1
exclu	1
exclusions	1
exclusive	1
exécuté	1
exécuter	1
exécutif	1
exemplarité	1
exercerai	1
exigé	1
exilés	1
existant	1
existantes	1
existé	1
expériences	1
explication	1
exploitants	1
exploitations	1
exploite	1
exploiter	1
explorer	1
exportateurs	1
exportation	1
exporte	1
exporté	1
exportent	1
exporter	1
exportons	1
Expositions	1
exprimait	1
exprimée	1
exprimées	1
exprimera	1
exprimons	1
extirper	1
extravagants	1
extrémisme	1
facilement	1
facilité	1
facteur	1
facteurs	1
facture	1
facultative	1
faiblement	1
faiblesse	1
faiblesses	1
faille	1
faisait	1
fallait	1
falloir	1
familial	1
familiales	1
familiaux	1
familier	1
fanatiques	1
fatale	1
fatigue	1
Faut	1
faute	1
Faute	1
favorisant	1
favorise	1
favorisée	1
favoriser	1
féconds	1
ferait	1
fermement	1
feront	1
fêtions	1
février	1
Fez	1
fi	1
fiancé	1
fidélité	1
fièvres	1
figé	1
filières	1
fille	1
FILLON	1
fîmes	1
financer	1
financièrement	1
fini	1
finirons	1
finiront	1
finissez	1
fiscal	1
fiscale	1
fiscaux	1
fixant	1
flamber	1
fléau	1
fleurs	1
flot	1
flots	1
folie	1
folle	1
fonctionnaires	1
fonctionne	1
fonctionné	1
fondés	1
Fontainebleau	1
forcé	1
forêt	1
forêts	1
forgé	1
formalité	1
Formations	1
formé	1
formée	1
Former	1
formés	1
formons	1
Fort	1
fortifié	1
fortifiée	1
fortunes	1
fossé	1
foules	1
fourni	1
fournir	1
fournira	1
fournirait	1
fournissant	1
fracture	1
fractures	1
fragile	1
frais	1
franchie	1
franchies	1
franchira	1
franchirons	1
franchit	1
francophone	1
francophones	1
francs	1
frappait	1
frappées	1
fraternelles	1
fraternités	1
fratricides	1
freinaient	1
freinée	1
freinent	1
fréquente	1
frères	1
front	1
fruit	1
fureur	1
furieux	1
G20	1
gagnants	1
gagnerons	1
Galatée	1
Galileo	1
galopaient	1
gangrène	1
Garant	1
garante	1
garantes	1
garanti	1
garantirons	1
garantis	1
garantissant	1
garantisse	1
garantissent	1
garde	1
gardé	1
gardent	1
gardez	1
gardiens	1
gardons	1
gaspillée	1
gendarmerie	1
gendarmes	1
généralement	1
généralisant	1
généraliser	1
généreusement	1
généreuses	1
génétiques	1
génique	1
génome	1
géorgienne	1
gérer	1
gérerez	1
ghettos	1
gigantesque	1
glacé	1
glacée	1
glisser	1
glorieuses	1
glorieux	1
gouffre	1
Goulag	1
goûts	1
gouvernementale	1
Gouvernements	1
gouverner	1
gouvernera	1
Grand	1
grandissantes	1
grandit	1
Grands	1
Grands-parents	1
gratuits	1
gravit	1
Grèce	1
Grenelle	1
griefs	1
gros	1
grossir	1
groupement	1
guéri	1
guettait	1
guettent	1
guetter	1
guide	1
guider	1
habitude	1
Hadopi	1
handicap	1
handicaps	1
hargne	1
harmonie	1
harmonisant	1
hâtée	1
hâter	1
hâtives	1
hautes	1
hauts	1
hebdomadaire	1
hégémonie	1
hégémonies	1
Helsinki	1
héritage	1
héritée	1
héritiers	1
hésitations	1
hésite	1
hésiter	1
heurter	1
Hier	1
historien	1
historiques	1
Hongrie	1
honoré	1
honte	1
hôpital	1
horizons	1
horreur	1
hospices	1
hospitalisation	1
humanisme	1
humanitaires	1
humiliantes	1
humilité	1
hypocrisie	1
hypothèse	1
I	1
identifiait	1
identifiés	1
identiques	1
idéologies	1
ignorance	1
illettrisme	1
imaginatifs	1
imaginative	1
imaginer	1
imaginions	1
imiter	1
immédiate	1
immédiatement	1
immémorial	1
imminence	1
imminente	1
immobiles	1
impartiaux	1
impatiemment	1
impatience	1
impitoyable	1
implacable	1
implacablement	1
implanté	1
implique	1
impliquées	1
impliquera	1
importations	1
imposait	1
impose	1
imposèrent	1
impressionné	1
imprévu	1
imprime	1
improvisés	1
impulsion	1
inacceptable	1
inacceptables	1
inaccessibles	1
inapplicable	1
inassouvis	1
inauguré	1
incendiaires	1
incendie	1
incendies	1
incertains	1
incessante	1
incités	1
incivilités	1
incliné	1
inclut	1
incommodes	1
incomparables	1
inconciliables	1
inconnue	1
inconsidérées	1
inconvénients	1
indemniser	1
indépendamment	1
indépendante	1
indien	1
indifférence	1
indirectement	1
indirectes	1
individuel	1
individuelles	1
individuels	1
individus	1
indivisible	1
Indochine	1
inégales	1
inégalité	1
inexorable	1
inextricables	1
informatique	1
informé	1
infrastructure	1
infrastructures	1
ingénieurs	1
inhérent	1
injuste	1
injustes	1
inlassablement	1
innocent	1
innovants	1
innover	1
inondation	1
inondent	1
inouïe	1
inquiétant	1
inquiète	1
inquiètent	1
insatisfaction	1
insatisfaits	1
inscrire	1
inséparable	1
inséparables	1
insérer	1
insisterai	1
insolence	1
insolubles	1
inspiré	1
inspirent	1
inspirer	1
instabilité	1
instable	1
installation	1
installé	1
installée	1
installées	1
installés	1
instances	1
instauration	1
instaurée	1
instaurer	1
instaureront	1
Instaurons	1
insuffisants	1
insulter	1
insupportable	1
insurmontables	1
intactes	1
intangibilité	1
intégralement	1
intégrer	1
intégrés	1
intégrité	1
intensément	1
interdépendance	1
interdire	1
interdit	1
intéressement	1
intéressent	1
intéresser	1
inter-européennes	1
intérieurs	1
interlocuteurs	1
internationaux	1
internats	1
interne	1
Internet	1
interposer	1
interroge	1
Interrogez	1
interventions	1
interviendrai	1
interview	1
intime	1
intolérance	1
intoxication	1
intransigeants	1
introduite	1
intuition	1
Inutile	1
invasion	1
invente	1
inventé	1
inventerons	1
inventif	1
inventifs	1
invention	1
inventions	1
inventons	1
inverser	1
Investir	1
investissant	1
investissent	1
inviolabilité	1
invitation	1
ira	1
irai	1
Iran	1
Irlande	1
iront	1
irrationnelle	1
irresponsable	1
irritant	1
Isle	1
Ismaïlia	1
isolées	1
isoler	1
issu	1
Iter	1
itinéraire	1
itinéraires	1
Ivoire	1
IXe	1
jalousement	1
jeter	1
jettera	1
jeux	1
joindre	1
joindront	1
joli	1
jouaient	1
joué	1
jouera	1
joug	1
Jour	1
journal	1
journées	1
joyeusement	1
joyeux	1
judiciaire	1
juger	1
juillet	1
juin	1
Juin	1
jurés	1
Juste	1
justes	1
justifiées	1
justifient	1
justifiés	1
juxtaposées	1
Kiev	1
kilomètre	1
kilomètres	1
Kinshasa	1
Kosovo	1
Kossovo	1
Kremlin	1
l	1
l979	1
labeur	1
laborieuse	1
lacet	1
lâchons	1
laïque	1
laissait	1
laissant	1
laissât	1
laissée	1
laisserai	1
laisser-aller	1
Laissons	1
lançant	1
lancée	1
lancement	1
langage	1
langueur	1
larges	1
lassé	1
lasserai	1
lassés	1
Latine	1
leçons	1
lecteurs	1
législatif	1
législature	1
légitimement	1
léguer	1
lendemains	1
lenteurs	1
lettres	1
Leur	1
leurrer	1
levé	1
lever	1
levés	1
libérale	1
Libérer	1
licencie	1
licenciement	1
licenciés	1
lie	1
lié	1
liées	1
lier	1
Lille	1
limitations	1
lire	1
Lisbonne	1
littérature	1
littoral	1
livre	1
livrent	1
livres	1
logique	1
logis	1
longues	1
lot	1
lourd	1
lourdement	1
Louvre	1
loyer	1
lucidement	1
lugubre	1
lundi	1
lune	1
Lutte	1
luxe	1
Luxembourg	1
l‘	1
Macédoine	1
Madrid	1
magnifique	1
Mai	1
Maintenant	1
Maintenons	1
maintenue	1
maintien	1
maintiendra	1
maintient	1
Maires	1
maison	1
maîtrisait	1
maîtrise	1
maîtrisée	1
maîtrisées	1
majeure	1
majorer	1
malaise	1
malfaisant	1
malheureuse	1
Malheureusement	1
Mali	1
malmenée	1
maltraitée	1
Manche	1
mandat	1
mandats	1
manier	1
manipulations	1
manœuvre	1
manquaient	1
manquent	1
manquer	1
manquerai	1
manquons	1
marchandises	1
marchent	1
marcher	1
marée	1
marées	1
marges	1
mari	1
mariage	1
marin	1
Marocains	1
marquées	1
marqueront	1
marques	1
marquons	1
Marseillaise	1
Marseille	1
martyres	1
massivement	1
matérialiste	1
matérielle	1
matérielles	1
mauvais	1
mauvaise	1
maux	1
Me	1
mécontentement	1
médicales	1
mêlée	1
membre	1
menaçaient	1
menaçant	1
menacé	1
menacés	1
ménager	1
menée	1
menées	1
mènerai	1
mènerons	1
menons	1
mensualisation	1
mépris	1
mères	1
mers	1
Messieurs	1
méthode	1
métro	1
mets	1
mettaient	1
mettait	1
mette	1
mettra	1
meurent	1
meurtres	1
meurtriers	1
meurtris	1
mien	1
miennes	1
miens	1
Mikhaïl	1
milieux	1
milité	1
Mille	1
minière	1
minima	1
minimum-vieillesse	1
ministres	1
minute	1
minutes	1
mi-parcours	1
misé	1
missions	1
mobile	1
mobilisatrice	1
mobilisées	1
modèleront	1
Modérer	1
modernise	1
modernisent	1
Moderniser	1
Modernisons	1
modifié	1
modifient	1
Moi	1
moléculaire	1
Monde	1
Mondiale	1
mondialiste	1
monétairement	1
monétaires	1
monnaies	1
montagne	1
montant	1
monte	1
monté	1
montée	1
monter	1
montrent	1
monuments	1
morales	1
moratoire	1
morbide	1
mortelle	1
morts	1
Moscova	1
Moyen	1
multilatéralisme	1
multiplie	1
multipliée	1
multipliées	1
multiplions	1
multi-réitérant	1
murs	1
mûrs	1
musulmans	1
mutation	1
mythes	1
N	1
Naguère	1
naissances	1
naisse	1
naïveté	1
natalité	1
nationalisations	1
nationalisme	1
nationalistes	1
nationalités	1
nationaux	1
Naturellement	1
navire	1
né	1
néanmoins	1
néant	1
née	1
nées	1
négation	1
négative	1
négligée	1
négocié	1
nés	1
Neuf	1
Ni	1
Nice	1
niveaux	1
noble	1
nœuds	1
nombreuse	1
nord	1
nostalgies	1
notablement	1
notation	1
nourri	1
nous-	1
nulle	1
nullement	1
numériser	1
objective	1
obligations	1
obligeant	1
obligés	1
observe	1
observer	1
observerai	1
obsession	1
obstacle	1
obstination	1
obtiendrons	1
obtiennent	1
occasions	1
occident	1
occidental	1
occidentales	1
Occidentaux	1
occupe	1
occupent	1
océan	1
océans	1
odeur	1
oeil	1
offert	1
offertes	1
offrirons	1
Oh	1
ombres	1
onéreuse	1
ongles	1
onze	1
opération	1
opérations	1
opportunités	1
opposable	1
opposer	1
opposerai	1
opprime	1
optimiste	1
options	1
ordinateur	1
ordonnant	1
ordonne	1
organe	1
organisant	1
Organisation	1
organisions	1
organismes	1
orient	1
oriente	1
orientées	1
orienter	1
osé	1
oubliant	1
oubliées	1
oublient	1
oubliés	1
oubliez	1
ouragan	1
outre-Atlantique	1
Outreau	1
Outremer	1
ouverts	1
Ouverts	1
ouvrira	1
ouvrirons	1
ouvrons	1
P	1
pacification	1
pagaïe	1
paiements	1
pair	1
paisible	1
Paix	1
pâlissent	1
Pankow	1
pansements	1
paperasserie	1
Par-	1
parachèvera	1
paradis	1
paraissaient	1
paraissait	1
parait	1
paraître	1
paraîtrons	1
paralyser	1
paralysés	1
paralysie	1
parcoure	1
parcours	1
par-delà	1
par-dessus	1
parent	1
Parents	1
parfaire	1
parfaitement	1
Parfois	1
pari	1
Paris-Bruxelles	1
parisienne	1
parité	1
parlais	1
Parlant	1
parlent	1
parlera	1
parlons	1
partageant	1
partagée	1
partagent	1
partageons	1
partager	1
partageront	1
partant	1
participants	1
participations	1
participe	1
participé	1
participent	1
particulières	1
partisan	1
partisanes	1
parts	1
parvenant	1
parviendrez	1
parviendrons	1
parviennent	1
Pas	1
passa	1
passagers	1
passant	1
passée	1
passées	1
passent	1
passerait	1
passeront	1
passionnément	1
passionnés	1
patients	1
patriotisme	1
Paul	1
paye	1
payé	1
paysage	1
peau	1
Péguy	1
peinent	1
pénale	1
pénible	1
pénibles	1
Penser	1
penserons	1
perdait	1
perdants	1
perdue	1
pérennité	1
Performance	1
performante	1
performantes	1
péri	1
périmées	1
permanents	1
permettez	1
Permettez	1
permettrai	1
permettraient	1
permettrait	1
Permettre	1
perpétuel	1
persécutés	1
persévérer	1
persévérera	1
personnels	1
persuader	1
persuadés	1
pesanteurs	1
petit	1
pétrolier	1
peut-	1
peux	1
phare	1
phénomène	1
phénomènes	1
physique	1
physiquement	1
Pierre	1
Pierre-Le-Grand	1
pionnière	1
placée	1
placer	1
placés	1
plaignent	1
plain-pied	1
PLANCHE	1
planer	1
planétaire	1
planétaires	1
plateau	1
plénitude	1
pleurent	1
plier	1
pluralisme	1
pluralistes	1
plutôt	1
poème	1
poète	1
pôle	1
pôles	1
politiquement	1
pollution	1
pollutions	1
polonais	1
pont	1
portée	1
porteur	1
portions	1
Portons	1
Portugal	1
posant	1
pose	1
posée	1
posées	1
posent	1
possédait	1
possibilité	1
possibles	1
poste	1
postes	1
pourrez	1
pourrions	1
pourront	1
poursuite	1
poursuivant	1
poursuive	1
poursuivent	1
Poursuivons	1
poursuivra	1
Pourvu	1
pousse	1
pouvaient	1
pouvais	1
Pouvoir	1
Pouvons	1
pragmatiques	1
pratiquant	1
pratiqué	1
pratiquent	1
pratiques	1
précautions	1
précédés	1
précise	1
précision	1
pré-électoral	1
préélectorale	1
préférence	1
préférer	1
prématurément	1
Première	1
prémunir	1
prend	1
prendrai	1
prendrons	1
Prenez	1
prenons	1
préoccupation	1
préoccuper	1
préparation	1
Préparer	1
prépareront	1
préparés	1
Près	1
présentant	1
présenter	1
présentera	1
préservant	1
préservé	1
préservera	1
préserverons	1
Présidence	1
présider	1
pressent	1
pressenti	1
pressentir	1
prestation	1
prestige	1
prêtent	1
prêteurs	1
prêtons	1
Prêts	1
preuves	1
prévenance	1
prévenu	1
prévisible	1
Primauté	1
primordial	1
principale	1
principaux	1
prioritairement	1
prioritaires	1
Prise	1
privé	1
privée	1
privées	1
priverait	1
privilège	1
privilèges	1
privilégiant	1
privilégiée	1
privilégier	1
privilégiés	1
procédant	1
procédé	1
procédure	1
procédures	1
processus	1
prochainement	1
proche	1
proclame	1
prodigieux	1
prodigués	1
productions	1
productrice	1
produiraient	1
Produire	1
produisent	1
produites	1
professionnalisme	1
professionnel	1
professionnels	1
profitent	1
profiter	1
profondeurs	1
programme	1
programmes	1
progressait	1
progressé	1
progresserons	1
progressif	1
progression	1
proie	1
prolonge	1
prolongeaient	1
promoteur	1
promotion	1
prompts	1
prononcé	1
prononcent	1
propagent	1
prophétiser	1
propice	1
proportion	1
propos	1
proposant	1
proposent	1
proposons	1
prospères	1
protectionnisme	1
protégée	1
protégera	1
protestent	1
protocole	1
prouve	1
prouver	1
Prouvons	1
Providence	1
provocantes	1
provoque	1
provoquent	1
provoqués	1
proximité	1
prurit	1
psychologique	1
puissamment	1
puissantes	1
Puisse-t	1
Puisse-t-	1
punir	1
purification	1
qualifications	1
qualifiées	1
quarante-cinq	1
Quatrième	1
-que	1
Quelle	1
Quelles	1
Quelques	1
quels	1
quereller	1
Quiconque	1
quiétude	1
quinze	1
quitté	1
quittent	1
quitter	1
quitterai	1
quoiqu'	1
quotidiens	1
Rabat	1
raciales	1
raciaux	1
rafale	1
raffermi	1
Raison	1
rajeuni	1
rajeunie	1
ramenant	1
ramène	1
ramènera	1
rampe	1
rancoeurs	1
rancune	1
rancunes	1
rapides	1
rapidité	1
rappel	1
rappelé	1
rappeler	1
rappellent	1
rares	1
rassemblé	1
rassemblent	1
rassemblés	1
rater	1
ratifier	1
rattrapage	1
ravager	1
ravive	1
réactifs	1
réaction	1
réactions	1
réaffirmer	1
Réaffirmer	1
Reagan	1
réagissons	1
réalise	1
réaliserons	1
réaliseront	1
réaménagée	1
rebâtir	1
Récemment	1
récente	1
récession	1
recette	1
recettes	1
recevraient	1
recevrons	1
recevront	1
recherchée	1
rechercher	1
recherchons	1
réciprocité	1
réciproque	1
réclame	1
reçoivent	1
recommandations	1
recommence	1
recommencé	1
recommencer	1
récompensant	1
récompensé	1
récompensera	1
récompensés	1
reconnaissant	1
reconnaissons	1
Reconnaissons	1
reconnu	1
reconquérir	1
reconstruction	1
reconstruire	1
records	1
recourir	1
recours	1
recouvré	1
recouvrée	1
recruté	1
recrutent	1
recrutés	1
reculent	1
redevenant	1
redevenu	1
redevenus	1
redeviendra	1
redonnerons	1
redoubler	1
redoute	1
réelle	1
rééquilibrer	1
référence	1
réflexion	1
refluer	1
reflux	1
reformée	1
réformée	1
réforment	1
Réformer	1
Refus	1
refusant	1
refuse	1
refuser	1
refusions	1
regardant	1
regarde	1
regardé	1
regardons	1
regards	1
régenter	1
régimes	1
régionales	1
règlement	1
règlent	1
réglerons	1
régnait	1
regroupement	1
régulation	1
régulé	1
régulière	1
réhabiliter	1
ré-industrialisation	1
réitérée	1
rejetant	1
réjoui	1
réjouir	1
réjouis	1
relâchement	1
relâcherons	1
relaie	1
relais	1
relançant	1
relance	1
relancée	1
relancerons	1
relèvent	1
relie	1
religieux	1
remarquables	1
remarquerez	1
remboursé	1
remédier	1
remercie	1
remercié	1
remette	1
remettons	1
remous	1
rempart	1
remplacer	1
remplie	1
remplirai	1
remplit	1
remue	1
rémunération	1
rencontré	1
rencontrent	1
rencontrer	1
rencontrera	1
rencontrerons	1
rendait	1
rendant	1
rende	1
rendement	1
rendra	1
rendrez	1
rendue	1
rendues	1
renforçant	1
renforcée	1
renforcement	1
renforcés	1
renforce-t	1
Renforçons	1
renonce	1
renoncement	1
renoncements	1
renouons	1
rénovant	1
rénovées	1
rentre	1
rentré	1
rentrées	1
rentrer	1
rentreront	1
renversé	1
renverser	1
répandus	1
réparation	1
réparerons	1
reparler	1
repart	1
repartie	1
repartir	1
répartir	1
repères	1
répété	1
répéter	1
répétition	1
répondait	1
répondant	1
réponde	1
répondes	1
répondra	1
réponses	1
reposer	1
repousser	1
reprennent	1
représentants	1
représentatif	1
représentations	1
représentent	1
représentera	1
représenteront	1
répressives	1
reprises	1
reproche	1
reprochera	1
reproches	1
reproduire	1
républicaines	1
républicains	1
réseaux	1
réserve	1
réserver	1
réserves	1
Réservons	1
résignation	1
résistance	1
résistants	1
résolu	1
résolution	1
résolutions	1
résoudrons	1
respecte	1
respectées	1
respectent	1
respectueux	1
Responsable	1
ressentent	1
ressenti	1
ressentis	1
restaurent	1
resterons	1
resteront	1
restés	1
restions	1
restons	1
restreinte	1
résume	1
rétablie	1
rétablirons	1
retardée	1
retardées	1
retardés	1
retenus	1
réticence	1
retiendra	1
retire	1
retournement	1
retournent	1
retraités	1
retrouvent	1
retrouverons	1
retrouveront	1
retrouvés	1
réuni	1
réunie	1
réunies	1
réunifiée	1
réunir	1
réunira	1
réunirons	1
réussisse	1
réussissent	1
réussit	1
revalorisation	1
revaloriserons	1
réveille	1
révélateurs	1
révélé	1
revenait	1
revenue	1
reverrons	1
rêves	1
revienne	1
révisées	1
révision	1
révolte	1
révoltes	1
révolutionnaire	1
révolutions	1
revue	1
rhumatismes	1
ridicule	1
rigoureux	1
rigueur	1
risquait	1
risquant	1
risquez	1
rivales	1
rivalités	1
rô1e	1
Robert	1
roi	1
rompre	1
rompues	1
ronge	1
Rouget	1
rouler	1
roumain	1
Roumanie	1
routiers	1
routines	1
ruent	1
rues	1
ruine	1
russe	1
s	1
S	1
S'	1
Sa	1
saccades	1
sachant	1
sachent	1
sachez	1
sachons	1
sacré	1
sain	1
saines	1
Saint-Laurent-du-Pont	1
saisi	1
saisissant	1
saisons	1
salit	1
saluant	1
Saluons	1
sanction	1
sanctionne	1
sanctionnée	1
sanctionner	1
sanctionnés	1
Sandjak	1
sanglants	1
satellite	1
satisfaisante	1
satisfaisants	1
satisfait	1
satisfasse	1
saurait	1
saurons	1
sauvegardée	1
sauvegardées	1
sauvegardera	1
savaient	1
scandalisés	1
sceptique	1
scie	1
sciences	1
scrupuleusement	1
scrupuleux	1
secouent	1
secoués	1
secouru	1
secrets	1
secteur	1
séculaire	1
séismes	1
seize	1
selon	1
semble-t	1
sème	1
semé	1
Sénat	1
senior	1
séparations	1
séparez	1
Septembre	1
septième	1
séquelles	1
sera-t	1
serbes	1
sereinement	1
serez	1
série	1
sérieuse	1
sérieuses	1
serrant	1
serve	1
servent	1
servi	1
servira	1
Seulement	1
sévères	1
sévérité	1
Shoah	1
sidérurgie	1
Siècle	1
siège	1
sien	1
siens	1
signer	1
signeront	1
signifient	1
signifiera	1
Simple	1
simplifiant	1
simplifié	1
simplifier	1
simultanément	1
sincèrement	1
singulier	1
Sinon	1
sirènes	1
situer	1
Six	1
sixième	1
SNCF	1
Sociale	1
soeurs	1
Sofia	1
soigne	1
soixante-deuxième	1
Solidaire	1
Solide	1
sollicitations	1
Somalie	1
sombres	1
sommations	1
Somme	1
sorciers	1
sortions	1
Sortir	1
sortira	1
sortis	1
soubresaut	1
souche	1
soucieuse	1
soudain	1
soudaine	1
souffre	1
souhaitable	1
souhaitant	1
souhaitent	1
souhaiterons	1
Souhaitons	1
soulevaient	1
soulevait	1
soulever	1
souligné	1
souligner	1
soumettrai	1
soumettre	1
soumise	1
souplesse	1
sourire	1
sous-	1
souscrire	1
souscrit	1
sous-développement	1
sous-estime	1
soustraire	1
soutenue	1
soutiendrai	1
soutiens	1
Souvent	1
souveraines	1
souviennent	1
Soyez	1
spéciaux	1
spécificité	1
spéculateur	1
spéculateurs	1
splendeur	1
spontané	1
sport	1
sportifs	1
stabilisant	1
stabilisation	1
stabilisé	1
stabilisées	1
stable	1
Staline	1
stérile	1
stérilité	1
stratégique	1
stratégiques	1
structure	1
structurelles	1
stupéfiante	1
subies	1
subira	1
subirions	1
subirons	1
subissent	1
subissons	1
subit	1
subitement	1
subordination	1
subsister	1
substituent	1
succèdent	1
succédèrent	1
successeur	1
successifs	1
successives	1
sud	1
Sud-Est	1
suffiront	1
suffisamment	1
suffisant	1
suffisante	1
Suisse	1
suivantes	1
suive	1
suivrons	1
suivront	1
supercherie	1
superpuissance	1
supplémentaire	1
supplémentaires	1
supporter	1
suppression	1
supranational	1
surarmement	1
surarmer	1
surcroît	1
surexploitation	1
surmontant	1
surmontés	1
surmontions	1
surplus	1
surprendre	1
surpris	1
Surtout	1
survie	1
surviennent	1
suscitait	1
susciter	1
suspens	1
symbolisé	1
syndicales	1
syndicat	1
syndicaux	1
Syrie	1
systématiquement	1
t'	1
Tâche	1
tantôt	1
tarder	1
tarderait	1
tarderont	1
taxation	1
taxer	1
taxés	1
Tchad	1
Tchécoslovaquie	1
technologiques	1
Tel	1
télécommunications	1
téléphoniques	1
télévision	1
témoignage	1
témoignée	1
tempêtes	1
ténacité	1
tenants	1
tend	1
tende	1
tendues	1
tentant	1
tentations	1
tenté	1
tentée	1
terminée	1
terminées	1
terminent	1
terminer	1
terrible	1
terroriste	1
terroristes	1
texte	1
TGV	1
théoriques	1
thérapie	1
Thermidor	1
thermonucléaire	1
Thessalonique	1
tiendra	1
tiendraient	1
tiendront	1
tiers	1
tiers-monde	1
tir	1
tirait	1
Tirana	1
tirant	1
tirées	1
Tirer	1
tirera	1
tireront	1
tirons	1
tissons	1
tissu	1
toi	1
tolérants	1
toléré	1
tolérées	1
tombaient	1
tombé	1
tombent	1
tomberont	1
tombés	1
tonnes	1
torches	1
torture	1
totalement	1
totalité	1
touche	1
touché	1
touchées	1
touchons	1
Toulouse	1
Tour	1
tourbillon	1
tourmentés	1
tournant	1
tourne	1
Tournons	1
Toutes	1
tracé	1
traduisent	1
traduit	1
trahirai	1
trait	1
traite	1
Traité	1
traitement	1
traitements	1
traiter	1
traitons	1
traits	1
tranquille	1
transférées	1
transforme	1
transforment	1
transigerai	1
transition	1
transmettre	1
transparence	1
transport	1
travaillé	1
Travailler	1
travaillera	1
travaillerons	1
traversée	1
traverser	1
traverses	1
tremblement	1
trente	1
trente-trois	1
tribunaux	1
tribune	1
tribus	1
trimestre	1
triomphera	1
triste	1
Trois	1
tromperai	1
trompez	1
trompons	1
Trop	1
troubler	1
troublés	1
troupe	1
trouvaient	1
trouverait	1
trouverez	1
trouvés	1
tuait	1
tue	1
tumulte	1
tumultes	1
Tunis	1
tunnel	1
turbulente	1
type	1
ultramodernes	1
uni	1
Unie	1
unit	1
universelle	1
Universelle	1
Universelles	1
urbain	1
urgent	1
urgentes	1
usage	1
usé	1
usines	1
utilement	1
utilisation	1
utilisent	1
va-	1
vache	1
vague	1
vaillant	1
vain	1
valable	1
Val-d'Isère	1
valorise	1
valorisé	1
Valoriser	1
vantons	1
varient	1
vastes	1
Va-t	1
vécues	1
veillée	1
veillera	1
venaient	1
venait	1
venant	1
vend	1
vendions	1
vendre	1
ventes	1
venue	1
venues	1
véritablement	1
Verlaine	1
verrait	1
versé	1
vertige	1
vertu	1
vêtu	1
veuille	1
veuve	1
victoires	1
victorieusement	1
vide	1
vieillesse	1
vieillir	1
vieillissement	1
viendrait	1
viendrons	1
vietnamien	1
vigilante	1
vigilantes	1
vigilants	1
vigoureux	1
vigueur	1
Ville	1
vingt-deux	1
Vingt-quatre	1
viol	1
violent	1
violer	1
vise	1
visée	1
visent	1
viser	1
visible	1
visibles	1
visites	1
vital	1
vitale	1
vitales	1
vivaces	1
vivantes	1
vivement	1
viviez	1
vivions	1
vivres	1
vœu	1
voire	1
volontés	1
vols	1
Vos	1
vote	1
votée	1
voter	1
vôtres	1
voudra	1
voudraient	1
voudrez	1
voudrons	1
vouée	1
voulant	1
voulue	1
voulus	1
voyagent	1
Voyez	1
vus	1
Washington	1
xénophobe	1
xénophobie	1
